timestamp_utc,Date,ghi_w_m2,temperature_C,tilt_deg,azimuth_deg,num_panels,Solar_Radiation,Temperature,hour,day_of_year,month,is_weekend,solar_elevation,daylight_hours,system_capacity,tilt_efficiency,predicted_ac_kwh
2025-09-14 00:00:00,2025-09-14,257.53,17.25,30,180,20,0.25753,17.25,0,257,9,True,56.0,0,6.4,0.898794046299167,0.28334003932178936
2025-09-14 01:00:00,2025-09-14,257.53,17.25,30,180,20,0.25753,17.25,1,257,9,True,56.0,0,6.4,0.898794046299167,0.28334003932178936
2025-09-14 02:00:00,2025-09-14,257.53,17.25,30,180,20,0.25753,17.25,2,257,9,True,56.0,0,6.4,0.898794046299167,0.28334003932178936
2025-09-14 03:00:00,2025-09-14,257.53,17.25,30,180,20,0.25753,17.25,3,257,9,True,56.0,0,6.4,0.898794046299167,0.28334003932178936
2025-09-14 04:00:00,2025-09-14,257.53,17.25,30,180,20,0.25753,17.25,4,257,9,True,56.0,0,6.4,0.898794046299167,0.28334003932178936
2025-09-14 05:00:00,2025-09-14,257.53,17.25,30,180,20,0.25753,17.25,5,257,9,True,56.0,0,6.4,0.898794046299167,0.28334003932178936
2025-09-14 06:00:00,2025-09-14,257.53,17.25,30,180,20,0.25753,17.25,6,257,9,True,56.0,1,6.4,0.898794046299167,0.2834607226551227
2025-09-14 07:00:00,2025-09-14,257.53,17.25,30,180,20,0.25753,17.25,7,257,9,True,56.0,1,6.4,0.898794046299167,0.28467622979797985
2025-09-14 08:00:00,2025-09-14,257.53,17.25,30,180,20,0.25753,17.25,8,257,9,True,56.0,1,6.4,0.898794046299167,0.28592196313131324
2025-09-14 09:00:00,2025-09-14,257.53,17.25,30,180,20,0.25753,17.25,9,257,9,True,56.0,1,6.4,0.898794046299167,0.28633666313131323
2025-09-14 10:00:00,2025-09-14,257.53,17.25,30,180,20,0.25753,17.25,10,257,9,True,56.0,1,6.4,0.898794046299167,0.28641090122655133
2025-09-14 11:00:00,2025-09-14,257.53,17.25,30,180,20,0.25753,17.25,11,257,9,True,56.0,1,6.4,0.898794046299167,0.28641090122655133
2025-09-14 12:00:00,2025-09-14,257.53,17.25,30,180,20,0.25753,17.25,12,257,9,True,56.0,1,6.4,0.898794046299167,0.286572567893218
2025-09-14 13:00:00,2025-09-14,257.53,17.25,30,180,20,0.25753,17.25,13,257,9,True,56.0,1,6.4,0.898794046299167,0.286572567893218
2025-09-14 14:00:00,2025-09-14,257.53,17.25,30,180,20,0.25753,17.25,14,257,9,True,56.0,1,6.4,0.898794046299167,0.286572567893218
2025-09-14 15:00:00,2025-09-14,257.53,17.25,30,180,20,0.25753,17.25,15,257,9,True,56.0,1,6.4,0.898794046299167,0.286572567893218
2025-09-14 16:00:00,2025-09-14,257.53,17.25,30,180,20,0.25753,17.25,16,257,9,True,56.0,1,6.4,0.898794046299167,0.286572567893218
2025-09-14 17:00:00,2025-09-14,257.53,17.25,30,180,20,0.25753,17.25,17,257,9,True,56.0,1,6.4,0.898794046299167,0.28691289365079375
2025-09-14 18:00:00,2025-09-14,257.53,17.25,30,180,20,0.25753,17.25,18,257,9,True,56.0,1,6.4,0.898794046299167,0.28643139365079373
2025-09-14 19:00:00,2025-09-14,257.53,17.25,30,180,20,0.25753,17.25,19,257,9,True,56.0,0,6.4,0.898794046299167,0.2855705603174604
2025-09-14 20:00:00,2025-09-14,257.53,17.25,30,180,20,0.25753,17.25,20,257,9,True,56.0,0,6.4,0.898794046299167,0.28420451031746036
2025-09-14 21:00:00,2025-09-14,257.53,17.25,30,180,20,0.25753,17.25,21,257,9,True,56.0,0,6.4,0.898794046299167,0.28420451031746036
2025-09-14 22:00:00,2025-09-14,257.53,17.25,30,180,20,0.25753,17.25,22,257,9,True,56.0,0,6.4,0.898794046299167,0.28420451031746036
2025-09-14 23:00:00,2025-09-14,257.53,17.25,30,180,20,0.25753,17.25,23,257,9,True,56.0,0,6.4,0.898794046299167,0.28420451031746036
2025-09-15 00:00:00,2025-09-15,260.58,18.56,30,180,20,0.26058,18.56,0,258,9,False,55.6,0,6.4,0.9018325264051138,0.27967632702020206
2025-09-15 01:00:00,2025-09-15,260.58,18.56,30,180,20,0.26058,18.56,1,258,9,False,55.6,0,6.4,0.9018325264051138,0.27967632702020206
2025-09-15 02:00:00,2025-09-15,260.58,18.56,30,180,20,0.26058,18.56,2,258,9,False,55.6,0,6.4,0.9018325264051138,0.27967632702020206
2025-09-15 03:00:00,2025-09-15,260.58,18.56,30,180,20,0.26058,18.56,3,258,9,False,55.6,0,6.4,0.9018325264051138,0.27967632702020206
2025-09-15 04:00:00,2025-09-15,260.58,18.56,30,180,20,0.26058,18.56,4,258,9,False,55.6,0,6.4,0.9018325264051138,0.27967632702020206
2025-09-15 05:00:00,2025-09-15,260.58,18.56,30,180,20,0.26058,18.56,5,258,9,False,55.6,0,6.4,0.9018325264051138,0.27967632702020206
2025-09-15 06:00:00,2025-09-15,260.58,18.56,30,180,20,0.26058,18.56,6,258,9,False,55.6,1,6.4,0.9018325264051138,0.2797970103535354
2025-09-15 07:00:00,2025-09-15,260.58,18.56,30,180,20,0.26058,18.56,7,258,9,False,55.6,1,6.4,0.9018325264051138,0.2810125174963926
2025-09-15 08:00:00,2025-09-15,260.58,18.56,30,180,20,0.26058,18.56,8,258,9,False,55.6,1,6.4,0.9018325264051138,0.2820107508297259
2025-09-15 09:00:00,2025-09-15,260.58,18.56,30,180,20,0.26058,18.56,9,258,9,False,55.6,1,6.4,0.9018325264051138,0.28228200082972593
2025-09-15 10:00:00,2025-09-15,260.58,18.56,30,180,20,0.26058,18.56,10,258,9,False,55.6,1,6.4,0.9018325264051138,0.28235623892496403
2025-09-15 11:00:00,2025-09-15,260.58,18.56,30,180,20,0.26058,18.56,11,258,9,False,55.6,1,6.4,0.9018325264051138,0.28235623892496403
2025-09-15 12:00:00,2025-09-15,260.58,18.56,30,180,20,0.26058,18.56,12,258,9,False,55.6,1,6.4,0.9018325264051138,0.2825179055916307
2025-09-15 13:00:00,2025-09-15,260.58,18.56,30,180,20,0.26058,18.56,13,258,9,False,55.6,1,6.4,0.9018325264051138,0.2825179055916307
2025-09-15 14:00:00,2025-09-15,260.58,18.56,30,180,20,0.26058,18.56,14,258,9,False,55.6,1,6.4,0.9018325264051138,0.2825179055916307
2025-09-15 15:00:00,2025-09-15,260.58,18.56,30,180,20,0.26058,18.56,15,258,9,False,55.6,1,6.4,0.9018325264051138,0.2825179055916307
2025-09-15 16:00:00,2025-09-15,260.58,18.56,30,180,20,0.26058,18.56,16,258,9,False,55.6,1,6.4,0.9018325264051138,0.2824360055916307
2025-09-15 17:00:00,2025-09-15,260.58,18.56,30,180,20,0.26058,18.56,17,258,9,False,55.6,1,6.4,0.9018325264051138,0.28277633134920643
2025-09-15 18:00:00,2025-09-15,260.58,18.56,30,180,20,0.26058,18.56,18,258,9,False,55.6,1,6.4,0.9018325264051138,0.2801189146825398
2025-09-15 19:00:00,2025-09-15,260.58,18.56,30,180,20,0.26058,18.56,19,258,9,False,55.6,0,6.4,0.9018325264051138,0.27974374801587304
2025-09-15 20:00:00,2025-09-15,260.58,18.56,30,180,20,0.26058,18.56,20,258,9,False,55.6,0,6.4,0.9018325264051138,0.2783776980158731
2025-09-15 21:00:00,2025-09-15,260.58,18.56,30,180,20,0.26058,18.56,21,258,9,False,55.6,0,6.4,0.9018325264051138,0.2783776980158731
2025-09-15 22:00:00,2025-09-15,260.58,18.56,30,180,20,0.26058,18.56,22,258,9,False,55.6,0,6.4,0.9018325264051138,0.2783776980158731
2025-09-15 23:00:00,2025-09-15,260.58,18.56,30,180,20,0.26058,18.56,23,258,9,False,55.6,0,6.4,0.9018325264051138,0.2783776980158731
2025-09-16 00:00:00,2025-09-16,261.38,21.88,30,180,20,0.26138,21.88,0,259,9,False,55.199999999999996,0,6.4,0.9048270524660196,0.2793494063852815
2025-09-16 01:00:00,2025-09-16,261.38,21.88,30,180,20,0.26138,21.88,1,259,9,False,55.199999999999996,0,6.4,0.9048270524660196,0.2793494063852815
2025-09-16 02:00:00,2025-09-16,261.38,21.88,30,180,20,0.26138,21.88,2,259,9,False,55.199999999999996,0,6.4,0.9048270524660196,0.2793494063852815
2025-09-16 03:00:00,2025-09-16,261.38,21.88,30,180,20,0.26138,21.88,3,259,9,False,55.199999999999996,0,6.4,0.9048270524660196,0.2793494063852815
2025-09-16 04:00:00,2025-09-16,261.38,21.88,30,180,20,0.26138,21.88,4,259,9,False,55.199999999999996,0,6.4,0.9048270524660196,0.2793494063852815
2025-09-16 05:00:00,2025-09-16,261.38,21.88,30,180,20,0.26138,21.88,5,259,9,False,55.199999999999996,0,6.4,0.9048270524660196,0.2793494063852815
2025-09-16 06:00:00,2025-09-16,261.38,21.88,30,180,20,0.26138,21.88,6,259,9,False,55.199999999999996,1,6.4,0.9048270524660196,0.27947008971861487
2025-09-16 07:00:00,2025-09-16,261.38,21.88,30,180,20,0.26138,21.88,7,259,9,False,55.199999999999996,1,6.4,0.9048270524660196,0.2805742635281387
2025-09-16 08:00:00,2025-09-16,261.38,21.88,30,180,20,0.26138,21.88,8,259,9,False,55.199999999999996,1,6.4,0.9048270524660196,0.281835621861472
2025-09-16 09:00:00,2025-09-16,261.38,21.88,30,180,20,0.26138,21.88,9,259,9,False,55.199999999999996,1,6.4,0.9048270524660196,0.2819498718614721
2025-09-16 10:00:00,2025-09-16,261.38,21.88,30,180,20,0.26138,21.88,10,259,9,False,55.199999999999996,1,6.4,0.9048270524660196,0.2820241099567102
2025-09-16 11:00:00,2025-09-16,261.38,21.88,30,180,20,0.26138,21.88,11,259,9,False,55.199999999999996,1,6.4,0.9048270524660196,0.2820241099567102
2025-09-16 12:00:00,2025-09-16,261.38,21.88,30,180,20,0.26138,21.88,12,259,9,False,55.199999999999996,1,6.4,0.9048270524660196,0.28218577662337685
2025-09-16 13:00:00,2025-09-16,261.38,21.88,30,180,20,0.26138,21.88,13,259,9,False,55.199999999999996,1,6.4,0.9048270524660196,0.28218577662337685
2025-09-16 14:00:00,2025-09-16,261.38,21.88,30,180,20,0.26138,21.88,14,259,9,False,55.199999999999996,1,6.4,0.9048270524660196,0.28218577662337685
2025-09-16 15:00:00,2025-09-16,261.38,21.88,30,180,20,0.26138,21.88,15,259,9,False,55.199999999999996,1,6.4,0.9048270524660196,0.28218577662337685
2025-09-16 16:00:00,2025-09-16,261.38,21.88,30,180,20,0.26138,21.88,16,259,9,False,55.199999999999996,1,6.4,0.9048270524660196,0.2821038766233768
2025-09-16 17:00:00,2025-09-16,261.38,21.88,30,180,20,0.26138,21.88,17,259,9,False,55.199999999999996,1,6.4,0.9048270524660196,0.2824442023809526
2025-09-16 18:00:00,2025-09-16,261.38,21.88,30,180,20,0.26138,21.88,18,259,9,False,55.199999999999996,1,6.4,0.9048270524660196,0.27978678571428595
2025-09-16 19:00:00,2025-09-16,261.38,21.88,30,180,20,0.26138,21.88,19,259,9,False,55.199999999999996,0,6.4,0.9048270524660196,0.2794116190476192
2025-09-16 20:00:00,2025-09-16,261.38,21.88,30,180,20,0.26138,21.88,20,259,9,False,55.199999999999996,0,6.4,0.9048270524660196,0.27911161904761916
2025-09-16 21:00:00,2025-09-16,261.38,21.88,30,180,20,0.26138,21.88,21,259,9,False,55.199999999999996,0,6.4,0.9048270524660196,0.27911161904761916
2025-09-16 22:00:00,2025-09-16,261.38,21.88,30,180,20,0.26138,21.88,22,259,9,False,55.199999999999996,0,6.4,0.9048270524660196,0.27911161904761916
2025-09-16 23:00:00,2025-09-16,261.38,21.88,30,180,20,0.26138,21.88,23,259,9,False,55.199999999999996,0,6.4,0.9048270524660196,0.27911161904761916
2025-09-17 00:00:00,2025-09-17,246.46,20.9,30,180,20,0.24646,20.9,0,260,9,False,54.8,0,6.4,0.9077774785329087,0.2554216163059164
2025-09-17 01:00:00,2025-09-17,246.46,20.9,30,180,20,0.24646,20.9,1,260,9,False,54.8,0,6.4,0.9077774785329087,0.2554216163059164
2025-09-17 02:00:00,2025-09-17,246.46,20.9,30,180,20,0.24646,20.9,2,260,9,False,54.8,0,6.4,0.9077774785329087,0.2554216163059164
2025-09-17 03:00:00,2025-09-17,246.46,20.9,30,180,20,0.24646,20.9,3,260,9,False,54.8,0,6.4,0.9077774785329087,0.2554216163059164
2025-09-17 04:00:00,2025-09-17,246.46,20.9,30,180,20,0.24646,20.9,4,260,9,False,54.8,0,6.4,0.9077774785329087,0.2554216163059164
2025-09-17 05:00:00,2025-09-17,246.46,20.9,30,180,20,0.24646,20.9,5,260,9,False,54.8,0,6.4,0.9077774785329087,0.2554216163059164
2025-09-17 06:00:00,2025-09-17,246.46,20.9,30,180,20,0.24646,20.9,6,260,9,False,54.8,1,6.4,0.9077774785329087,0.2555422996392498
2025-09-17 07:00:00,2025-09-17,246.46,20.9,30,180,20,0.24646,20.9,7,260,9,False,54.8,1,6.4,0.9077774785329087,0.25560971392496407
2025-09-17 08:00:00,2025-09-17,246.46,20.9,30,180,20,0.24646,20.9,8,260,9,False,54.8,1,6.4,0.9077774785329087,0.2563157944805196
2025-09-17 09:00:00,2025-09-17,246.46,20.9,30,180,20,0.24646,20.9,9,260,9,False,54.8,1,6.4,0.9077774785329087,0.25657349448051964
2025-09-17 10:00:00,2025-09-17,246.46,20.9,30,180,20,0.24646,20.9,10,260,9,False,54.8,1,6.4,0.9077774785329087,0.25664773257575774
2025-09-17 11:00:00,2025-09-17,246.46,20.9,30,180,20,0.24646,20.9,11,260,9,False,54.8,1,6.4,0.9077774785329087,0.25664773257575774
2025-09-17 12:00:00,2025-09-17,246.46,20.9,30,180,20,0.24646,20.9,12,260,9,False,54.8,1,6.4,0.9077774785329087,0.2568093992424244
2025-09-17 13:00:00,2025-09-17,246.46,20.9,30,180,20,0.24646,20.9,13,260,9,False,54.8,1,6.4,0.9077774785329087,0.25719406590909105
2025-09-17 14:00:00,2025-09-17,246.46,20.9,30,180,20,0.24646,20.9,14,260,9,False,54.8,1,6.4,0.9077774785329087,0.25719406590909105
2025-09-17 15:00:00,2025-09-17,246.46,20.9,30,180,20,0.24646,20.9,15,260,9,False,54.8,1,6.4,0.9077774785329087,0.25719406590909105
2025-09-17 16:00:00,2025-09-17,246.46,20.9,30,180,20,0.24646,20.9,16,260,9,False,54.8,1,6.4,0.9077774785329087,0.25719406590909105
2025-09-17 17:00:00,2025-09-17,246.46,20.9,30,180,20,0.24646,20.9,17,260,9,False,54.8,1,6.4,0.9077774785329087,0.25733072500000015
2025-09-17 18:00:00,2025-09-17,246.46,20.9,30,180,20,0.24646,20.9,18,260,9,False,54.8,1,6.4,0.9077774785329087,0.2579773750000001
2025-09-17 19:00:00,2025-09-17,246.46,20.9,30,180,20,0.24646,20.9,19,260,9,False,54.8,0,6.4,0.9077774785329087,0.2578752694444446
2025-09-17 20:00:00,2025-09-17,246.46,20.9,30,180,20,0.24646,20.9,20,260,9,False,54.8,0,6.4,0.9077774785329087,0.2574090194444446
2025-09-17 21:00:00,2025-09-17,246.46,20.9,30,180,20,0.24646,20.9,21,260,9,False,54.8,0,6.4,0.9077774785329087,0.2574090194444446
2025-09-17 22:00:00,2025-09-17,246.46,20.9,30,180,20,0.24646,20.9,22,260,9,False,54.8,0,6.4,0.9077774785329087,0.2574090194444446
2025-09-17 23:00:00,2025-09-17,246.46,20.9,30,180,20,0.24646,20.9,23,260,9,False,54.8,0,6.4,0.9077774785329087,0.2574090194444446
2025-09-18 00:00:00,2025-09-18,118.25,17.57,30,180,20,0.11825,17.57,0,261,9,False,54.4,0,6.4,0.9106836608061771,0.11155456785714281
2025-09-18 01:00:00,2025-09-18,118.25,17.57,30,180,20,0.11825,17.57,1,261,9,False,54.4,0,6.4,0.9106836608061771,0.11155456785714281
2025-09-18 02:00:00,2025-09-18,118.25,17.57,30,180,20,0.11825,17.57,2,261,9,False,54.4,0,6.4,0.9106836608061771,0.11155456785714281
2025-09-18 03:00:00,2025-09-18,118.25,17.57,30,180,20,0.11825,17.57,3,261,9,False,54.4,0,6.4,0.9106836608061771,0.11133368690476184
2025-09-18 04:00:00,2025-09-18,118.25,17.57,30,180,20,0.11825,17.57,4,261,9,False,54.4,0,6.4,0.9106836608061771,0.11004452023809519
2025-09-18 05:00:00,2025-09-18,118.25,17.57,30,180,20,0.11825,17.57,5,261,9,False,54.4,0,6.4,0.9106836608061771,0.11004452023809519
2025-09-18 06:00:00,2025-09-18,118.25,17.57,30,180,20,0.11825,17.57,6,261,9,False,54.4,1,6.4,0.9106836608061771,0.11004452023809519
2025-09-18 07:00:00,2025-09-18,118.25,17.57,30,180,20,0.11825,17.57,7,261,9,False,54.4,1,6.4,0.9106836608061771,0.11004452023809519
2025-09-18 08:00:00,2025-09-18,118.25,17.57,30,180,20,0.11825,17.57,8,261,9,False,54.4,1,6.4,0.9106836608061771,0.11004452023809519
2025-09-18 09:00:00,2025-09-18,118.25,17.57,30,180,20,0.11825,17.57,9,261,9,False,54.4,1,6.4,0.9106836608061771,0.11004452023809519
2025-09-18 10:00:00,2025-09-18,118.25,17.57,30,180,20,0.11825,17.57,10,261,9,False,54.4,1,6.4,0.9106836608061771,0.11004452023809519
2025-09-18 11:00:00,2025-09-18,118.25,17.57,30,180,20,0.11825,17.57,11,261,9,False,54.4,1,6.4,0.9106836608061771,0.11004452023809519
2025-09-18 12:00:00,2025-09-18,118.25,17.57,30,180,20,0.11825,17.57,12,261,9,False,54.4,1,6.4,0.9106836608061771,0.11004452023809519
2025-09-18 13:00:00,2025-09-18,118.25,17.57,30,180,20,0.11825,17.57,13,261,9,False,54.4,1,6.4,0.9106836608061771,0.11032935357142852
2025-09-18 14:00:00,2025-09-18,118.25,17.57,30,180,20,0.11825,17.57,14,261,9,False,54.4,1,6.4,0.9106836608061771,0.11032935357142852
2025-09-18 15:00:00,2025-09-18,118.25,17.57,30,180,20,0.11825,17.57,15,261,9,False,54.4,1,6.4,0.9106836608061771,0.11032935357142852
2025-09-18 16:00:00,2025-09-18,118.25,17.57,30,180,20,0.11825,17.57,16,261,9,False,54.4,1,6.4,0.9106836608061771,0.11032935357142852
2025-09-18 17:00:00,2025-09-18,118.25,17.57,30,180,20,0.11825,17.57,17,261,9,False,54.4,1,6.4,0.9106836608061771,0.11032935357142852
2025-09-18 18:00:00,2025-09-18,118.25,17.57,30,180,20,0.11825,17.57,18,261,9,False,54.4,1,6.4,0.9106836608061771,0.11032935357142852
2025-09-18 19:00:00,2025-09-18,118.25,17.57,30,180,20,0.11825,17.57,19,261,9,False,54.4,0,6.4,0.9106836608061771,0.11032935357142852
2025-09-18 20:00:00,2025-09-18,118.25,17.57,30,180,20,0.11825,17.57,20,261,9,False,54.4,0,6.4,0.9106836608061771,0.11032935357142852
2025-09-18 21:00:00,2025-09-18,118.25,17.57,30,180,20,0.11825,17.57,21,261,9,False,54.4,0,6.4,0.9106836608061771,0.11021206785714283
2025-09-18 22:00:00,2025-09-18,118.25,17.57,30,180,20,0.11825,17.57,22,261,9,False,54.4,0,6.4,0.9106836608061771,0.10880716785714281
2025-09-18 23:00:00,2025-09-18,118.25,17.57,30,180,20,0.11825,17.57,23,261,9,False,54.4,0,6.4,0.9106836608061771,0.1082826678571428
2025-09-19 00:00:00,2025-09-19,238.25,17.46,30,180,20,0.23825,17.46,0,262,9,False,54.0,0,6.4,0.9135454576426009,0.25335298769841275
2025-09-19 01:00:00,2025-09-19,238.25,17.46,30,180,20,0.23825,17.46,1,262,9,False,54.0,0,6.4,0.9135454576426009,0.25335298769841275
2025-09-19 02:00:00,2025-09-19,238.25,17.46,30,180,20,0.23825,17.46,2,262,9,False,54.0,0,6.4,0.9135454576426009,0.25335298769841275
2025-09-19 03:00:00,2025-09-19,238.25,17.46,30,180,20,0.23825,17.46,3,262,9,False,54.0,0,6.4,0.9135454576426009,0.25335298769841275
2025-09-19 04:00:00,2025-09-19,238.25,17.46,30,180,20,0.23825,17.46,4,262,9,False,54.0,0,6.4,0.9135454576426009,0.25335298769841275
2025-09-19 05:00:00,2025-09-19,238.25,17.46,30,180,20,0.23825,17.46,5,262,9,False,54.0,0,6.4,0.9135454576426009,0.25335298769841275
2025-09-19 06:00:00,2025-09-19,238.25,17.46,30,180,20,0.23825,17.46,6,262,9,False,54.0,1,6.4,0.9135454576426009,0.2528827210317461
2025-09-19 07:00:00,2025-09-19,238.25,17.46,30,180,20,0.23825,17.46,7,262,9,False,54.0,1,6.4,0.9135454576426009,0.2519797805555556
2025-09-19 08:00:00,2025-09-19,238.25,17.46,30,180,20,0.23825,17.46,8,262,9,False,54.0,1,6.4,0.9135454576426009,0.25215800277777783
2025-09-19 09:00:00,2025-09-19,238.25,17.46,30,180,20,0.23825,17.46,9,262,9,False,54.0,1,6.4,0.9135454576426009,0.25215800277777783
2025-09-19 10:00:00,2025-09-19,238.25,17.46,30,180,20,0.23825,17.46,10,262,9,False,54.0,1,6.4,0.9135454576426009,0.25215800277777783
2025-09-19 11:00:00,2025-09-19,238.25,17.46,30,180,20,0.23825,17.46,11,262,9,False,54.0,1,6.4,0.9135454576426009,0.25215800277777783
2025-09-19 12:00:00,2025-09-19,238.25,17.46,30,180,20,0.23825,17.46,12,262,9,False,54.0,1,6.4,0.9135454576426009,0.2523196694444445
2025-09-19 13:00:00,2025-09-19,238.25,17.46,30,180,20,0.23825,17.46,13,262,9,False,54.0,1,6.4,0.9135454576426009,0.25270433611111115
2025-09-19 14:00:00,2025-09-19,238.25,17.46,30,180,20,0.23825,17.46,14,262,9,False,54.0,1,6.4,0.9135454576426009,0.25270433611111115
2025-09-19 15:00:00,2025-09-19,238.25,17.46,30,180,20,0.23825,17.46,15,262,9,False,54.0,1,6.4,0.9135454576426009,0.25270433611111115
2025-09-19 16:00:00,2025-09-19,238.25,17.46,30,180,20,0.23825,17.46,16,262,9,False,54.0,1,6.4,0.9135454576426009,0.25270433611111115
2025-09-19 17:00:00,2025-09-19,238.25,17.46,30,180,20,0.23825,17.46,17,262,9,False,54.0,1,6.4,0.9135454576426009,0.25270433611111115
2025-09-19 18:00:00,2025-09-19,238.25,17.46,30,180,20,0.23825,17.46,18,262,9,False,54.0,1,6.4,0.9135454576426009,0.25393336706349207
2025-09-19 19:00:00,2025-09-19,238.25,17.46,30,180,20,0.23825,17.46,19,262,9,False,54.0,0,6.4,0.9135454576426009,0.2544348448412698
2025-09-19 20:00:00,2025-09-19,238.25,17.46,30,180,20,0.23825,17.46,20,262,9,False,54.0,0,6.4,0.9135454576426009,0.2529025448412698
2025-09-19 21:00:00,2025-09-19,238.25,17.46,30,180,20,0.23825,17.46,21,262,9,False,54.0,0,6.4,0.9135454576426009,0.2529025448412698
2025-09-19 22:00:00,2025-09-19,238.25,17.46,30,180,20,0.23825,17.46,22,262,9,False,54.0,0,6.4,0.9135454576426009,0.2529025448412698
2025-09-19 23:00:00,2025-09-19,238.25,17.46,30,180,20,0.23825,17.46,23,262,9,False,54.0,0,6.4,0.9135454576426009,0.2529025448412698
2025-09-20 00:00:00,2025-09-20,241.21,17.93,30,180,20,0.24121,17.93,0,263,9,True,53.6,0,6.4,0.9163627295622396,0.25530623769841276
2025-09-20 01:00:00,2025-09-20,241.21,17.93,30,180,20,0.24121,17.93,1,263,9,True,53.6,0,6.4,0.9163627295622396,0.25530623769841276
2025-09-20 02:00:00,2025-09-20,241.21,17.93,30,180,20,0.24121,17.93,2,263,9,True,53.6,0,6.4,0.9163627295622396,0.25530623769841276
2025-09-20 03:00:00,2025-09-20,241.21,17.93,30,180,20,0.24121,17.93,3,263,9,True,53.6,0,6.4,0.9163627295622396,0.25530623769841276
2025-09-20 04:00:00,2025-09-20,241.21,17.93,30,180,20,0.24121,17.93,4,263,9,True,53.6,0,6.4,0.9163627295622396,0.25530623769841276
2025-09-20 05:00:00,2025-09-20,241.21,17.93,30,180,20,0.24121,17.93,5,263,9,True,53.6,0,6.4,0.9163627295622396,0.25530623769841276
2025-09-20 06:00:00,2025-09-20,241.21,17.93,30,180,20,0.24121,17.93,6,263,9,True,53.6,1,6.4,0.9163627295622396,0.25499932103174605
2025-09-20 07:00:00,2025-09-20,241.21,17.93,30,180,20,0.24121,17.93,7,263,9,True,53.6,1,6.4,0.9163627295622396,0.2543691638888889
2025-09-20 08:00:00,2025-09-20,241.21,17.93,30,180,20,0.24121,17.93,8,263,9,True,53.6,1,6.4,0.9163627295622396,0.25479063611111114
2025-09-20 09:00:00,2025-09-20,241.21,17.93,30,180,20,0.24121,17.93,9,263,9,True,53.6,1,6.4,0.9163627295622396,0.25479063611111114
2025-09-20 10:00:00,2025-09-20,241.21,17.93,30,180,20,0.24121,17.93,10,263,9,True,53.6,1,6.4,0.9163627295622396,0.25479063611111114
2025-09-20 11:00:00,2025-09-20,241.21,17.93,30,180,20,0.24121,17.93,11,263,9,True,53.6,1,6.4,0.9163627295622396,0.25479063611111114
2025-09-20 12:00:00,2025-09-20,241.21,17.93,30,180,20,0.24121,17.93,12,263,9,True,53.6,1,6.4,0.9163627295622396,0.2549523027777778
2025-09-20 13:00:00,2025-09-20,241.21,17.93,30,180,20,0.24121,17.93,13,263,9,True,53.6,1,6.4,0.9163627295622396,0.25533696944444445
2025-09-20 14:00:00,2025-09-20,241.21,17.93,30,180,20,0.24121,17.93,14,263,9,True,53.6,1,6.4,0.9163627295622396,0.25533696944444445
2025-09-20 15:00:00,2025-09-20,241.21,17.93,30,180,20,0.24121,17.93,15,263,9,True,53.6,1,6.4,0.9163627295622396,0.25533696944444445
2025-09-20 16:00:00,2025-09-20,241.21,17.93,30,180,20,0.24121,17.93,16,263,9,True,53.6,1,6.4,0.9163627295622396,0.25533696944444445
2025-09-20 17:00:00,2025-09-20,241.21,17.93,30,180,20,0.24121,17.93,17,263,9,True,53.6,1,6.4,0.9163627295622396,0.25533696944444445
2025-09-20 18:00:00,2025-09-20,241.21,17.93,30,180,20,0.24121,17.93,18,263,9,True,53.6,1,6.4,0.9163627295622396,0.2565660003968254
2025-09-20 19:00:00,2025-09-20,241.21,17.93,30,180,20,0.24121,17.93,19,263,9,True,53.6,0,6.4,0.9163627295622396,0.2568455781746032
2025-09-20 20:00:00,2025-09-20,241.21,17.93,30,180,20,0.24121,17.93,20,263,9,True,53.6,0,6.4,0.9163627295622396,0.2553132781746032
2025-09-20 21:00:00,2025-09-20,241.21,17.93,30,180,20,0.24121,17.93,21,263,9,True,53.6,0,6.4,0.9163627295622396,0.2553132781746032
2025-09-20 22:00:00,2025-09-20,241.21,17.93,30,180,20,0.24121,17.93,22,263,9,True,53.6,0,6.4,0.9163627295622396,0.2553132781746032
2025-09-20 23:00:00,2025-09-20,241.21,17.93,30,180,20,0.24121,17.93,23,263,9,True,53.6,0,6.4,0.9163627295622396,0.2553132781746032
2025-09-21 00:00:00,2025-09-21,231.63,17.19,30,180,20,0.23163,17.19,0,264,9,True,53.199999999999996,0,6.4,0.9191353392552345,0.24062710000000004
2025-09-21 01:00:00,2025-09-21,231.63,17.19,30,180,20,0.23163,17.19,1,264,9,True,53.199999999999996,0,6.4,0.9191353392552345,0.24062710000000004
2025-09-21 02:00:00,2025-09-21,231.63,17.19,30,180,20,0.23163,17.19,2,264,9,True,53.199999999999996,0,6.4,0.9191353392552345,0.24062710000000004
2025-09-21 03:00:00,2025-09-21,231.63,17.19,30,180,20,0.23163,17.19,3,264,9,True,53.199999999999996,0,6.4,0.9191353392552345,0.24062710000000004
2025-09-21 04:00:00,2025-09-21,231.63,17.19,30,180,20,0.23163,17.19,4,264,9,True,53.199999999999996,0,6.4,0.9191353392552345,0.24062710000000004
2025-09-21 05:00:00,2025-09-21,231.63,17.19,30,180,20,0.23163,17.19,5,264,9,True,53.199999999999996,0,6.4,0.9191353392552345,0.24062710000000004
2025-09-21 06:00:00,2025-09-21,231.63,17.19,30,180,20,0.23163,17.19,6,264,9,True,53.199999999999996,1,6.4,0.9191353392552345,0.24063422142857147
2025-09-21 07:00:00,2025-09-21,231.63,17.19,30,180,20,0.23163,17.19,7,264,9,True,53.199999999999996,1,6.4,0.9191353392552345,0.23971327142857146
2025-09-21 08:00:00,2025-09-21,231.63,17.19,30,180,20,0.23163,17.19,8,264,9,True,53.199999999999996,1,6.4,0.9191353392552345,0.24018027142857146
2025-09-21 09:00:00,2025-09-21,231.63,17.19,30,180,20,0.23163,17.19,9,264,9,True,53.199999999999996,1,6.4,0.9191353392552345,0.24018027142857146
2025-09-21 10:00:00,2025-09-21,231.63,17.19,30,180,20,0.23163,17.19,10,264,9,True,53.199999999999996,1,6.4,0.9191353392552345,0.24018027142857146
2025-09-21 11:00:00,2025-09-21,231.63,17.19,30,180,20,0.23163,17.19,11,264,9,True,53.199999999999996,1,6.4,0.9191353392552345,0.24018027142857146
2025-09-21 12:00:00,2025-09-21,231.63,17.19,30,180,20,0.23163,17.19,12,264,9,True,53.199999999999996,1,6.4,0.9191353392552345,0.24018027142857146
2025-09-21 13:00:00,2025-09-21,231.63,17.19,30,180,20,0.23163,17.19,13,264,9,True,53.199999999999996,1,6.4,0.9191353392552345,0.2407478547619048
2025-09-21 14:00:00,2025-09-21,231.63,17.19,30,180,20,0.23163,17.19,14,264,9,True,53.199999999999996,1,6.4,0.9191353392552345,0.2407478547619048
2025-09-21 15:00:00,2025-09-21,231.63,17.19,30,180,20,0.23163,17.19,15,264,9,True,53.199999999999996,1,6.4,0.9191353392552345,0.2407478547619048
2025-09-21 16:00:00,2025-09-21,231.63,17.19,30,180,20,0.23163,17.19,16,264,9,True,53.199999999999996,1,6.4,0.9191353392552345,0.2407478547619048
2025-09-21 17:00:00,2025-09-21,231.63,17.19,30,180,20,0.23163,17.19,17,264,9,True,53.199999999999996,1,6.4,0.9191353392552345,0.2407478547619048
2025-09-21 18:00:00,2025-09-21,231.63,17.19,30,180,20,0.23163,17.19,18,264,9,True,53.199999999999996,1,6.4,0.9191353392552345,0.24136035000000003
2025-09-21 19:00:00,2025-09-21,231.63,17.19,30,180,20,0.23163,17.19,19,264,9,True,53.199999999999996,0,6.4,0.9191353392552345,0.24014247777777775
2025-09-21 20:00:00,2025-09-21,231.63,17.19,30,180,20,0.23163,17.19,20,264,9,True,53.199999999999996,0,6.4,0.9191353392552345,0.23871617777777776
2025-09-21 21:00:00,2025-09-21,231.63,17.19,30,180,20,0.23163,17.19,21,264,9,True,53.199999999999996,0,6.4,0.9191353392552345,0.23871617777777776
2025-09-21 22:00:00,2025-09-21,231.63,17.19,30,180,20,0.23163,17.19,22,264,9,True,53.199999999999996,0,6.4,0.9191353392552345,0.23871617777777776
2025-09-21 23:00:00,2025-09-21,231.63,17.19,30,180,20,0.23163,17.19,23,264,9,True,53.199999999999996,0,6.4,0.9191353392552345,0.23871617777777776
2025-09-22 00:00:00,2025-09-22,242.71,17.99,30,180,20,0.24271,17.99,0,265,9,False,52.8,0,6.4,0.9218631515885005,0.25544528769841274
2025-09-22 01:00:00,2025-09-22,242.71,17.99,30,180,20,0.24271,17.99,1,265,9,False,52.8,0,6.4,0.9218631515885005,0.25544528769841274
2025-09-22 02:00:00,2025-09-22,242.71,17.99,30,180,20,0.24271,17.99,2,265,9,False,52.8,0,6.4,0.9218631515885005,0.25544528769841274
2025-09-22 03:00:00,2025-09-22,242.71,17.99,30,180,20,0.24271,17.99,3,265,9,False,52.8,0,6.4,0.9218631515885005,0.25544528769841274
2025-09-22 04:00:00,2025-09-22,242.71,17.99,30,180,20,0.24271,17.99,4,265,9,False,52.8,0,6.4,0.9218631515885005,0.25544528769841274
2025-09-22 05:00:00,2025-09-22,242.71,17.99,30,180,20,0.24271,17.99,5,265,9,False,52.8,0,6.4,0.9218631515885005,0.25544528769841274
2025-09-22 06:00:00,2025-09-22,242.71,17.99,30,180,20,0.24271,17.99,6,265,9,False,52.8,1,6.4,0.9218631515885005,0.2551383710317461
2025-09-22 07:00:00,2025-09-22,242.71,17.99,30,180,20,0.24271,17.99,7,265,9,False,52.8,1,6.4,0.9218631515885005,0.2545082138888889
2025-09-22 08:00:00,2025-09-22,242.71,17.99,30,180,20,0.24271,17.99,8,265,9,False,52.8,1,6.4,0.9218631515885005,0.2549296861111111
2025-09-22 09:00:00,2025-09-22,242.71,17.99,30,180,20,0.24271,17.99,9,265,9,False,52.8,1,6.4,0.9218631515885005,0.2549296861111111
2025-09-22 10:00:00,2025-09-22,242.71,17.99,30,180,20,0.24271,17.99,10,265,9,False,52.8,1,6.4,0.9218631515885005,0.2549296861111111
2025-09-22 11:00:00,2025-09-22,242.71,17.99,30,180,20,0.24271,17.99,11,265,9,False,52.8,1,6.4,0.9218631515885005,0.2549296861111111
2025-09-22 12:00:00,2025-09-22,242.71,17.99,30,180,20,0.24271,17.99,12,265,9,False,52.8,1,6.4,0.9218631515885005,0.2550913527777778
2025-09-22 13:00:00,2025-09-22,242.71,17.99,30,180,20,0.24271,17.99,13,265,9,False,52.8,1,6.4,0.9218631515885005,0.2554760194444444
2025-09-22 14:00:00,2025-09-22,242.71,17.99,30,180,20,0.24271,17.99,14,265,9,False,52.8,1,6.4,0.9218631515885005,0.2554760194444444
2025-09-22 15:00:00,2025-09-22,242.71,17.99,30,180,20,0.24271,17.99,15,265,9,False,52.8,1,6.4,0.9218631515885005,0.2554760194444444
2025-09-22 16:00:00,2025-09-22,242.71,17.99,30,180,20,0.24271,17.99,16,265,9,False,52.8,1,6.4,0.9218631515885005,0.2554760194444444
2025-09-22 17:00:00,2025-09-22,242.71,17.99,30,180,20,0.24271,17.99,17,265,9,False,52.8,1,6.4,0.9218631515885005,0.2554760194444444
2025-09-22 18:00:00,2025-09-22,242.71,17.99,30,180,20,0.24271,17.99,18,265,9,False,52.8,1,6.4,0.9218631515885005,0.2567050503968254
2025-09-22 19:00:00,2025-09-22,242.71,17.99,30,180,20,0.24271,17.99,19,265,9,False,52.8,0,6.4,0.9218631515885005,0.25698462817460316
2025-09-22 20:00:00,2025-09-22,242.71,17.99,30,180,20,0.24271,17.99,20,265,9,False,52.8,0,6.4,0.9218631515885005,0.25545232817460317
2025-09-22 21:00:00,2025-09-22,242.71,17.99,30,180,20,0.24271,17.99,21,265,9,False,52.8,0,6.4,0.9218631515885005,0.25545232817460317
2025-09-22 22:00:00,2025-09-22,242.71,17.99,30,180,20,0.24271,17.99,22,265,9,False,52.8,0,6.4,0.9218631515885005,0.25545232817460317
2025-09-22 23:00:00,2025-09-22,242.71,17.99,30,180,20,0.24271,17.99,23,265,9,False,52.8,0,6.4,0.9218631515885005,0.25545232817460317
2025-09-23 00:00:00,2025-09-23,241.5,17.61,30,180,20,0.2415,17.61,0,266,9,False,52.4,0,6.4,0.9245460336123131,0.25540937103174605
2025-09-23 01:00:00,2025-09-23,241.5,17.61,30,180,20,0.2415,17.61,1,266,9,False,52.4,0,6.4,0.9245460336123131,0.25540937103174605
2025-09-23 02:00:00,2025-09-23,241.5,17.61,30,180,20,0.2415,17.61,2,266,9,False,52.4,0,6.4,0.9245460336123131,0.25540937103174605
2025-09-23 03:00:00,2025-09-23,241.5,17.61,30,180,20,0.2415,17.61,3,266,9,False,52.4,0,6.4,0.9245460336123131,0.25540937103174605
2025-09-23 04:00:00,2025-09-23,241.5,17.61,30,180,20,0.2415,17.61,4,266,9,False,52.4,0,6.4,0.9245460336123131,0.25540937103174605
2025-09-23 05:00:00,2025-09-23,241.5,17.61,30,180,20,0.2415,17.61,5,266,9,False,52.4,0,6.4,0.9245460336123131,0.25540937103174605
2025-09-23 06:00:00,2025-09-23,241.5,17.61,30,180,20,0.2415,17.61,6,266,9,False,52.4,1,6.4,0.9245460336123131,0.2551024543650794
2025-09-23 07:00:00,2025-09-23,241.5,17.61,30,180,20,0.2415,17.61,7,266,9,False,52.4,1,6.4,0.9245460336123131,0.25447229722222225
2025-09-23 08:00:00,2025-09-23,241.5,17.61,30,180,20,0.2415,17.61,8,266,9,False,52.4,1,6.4,0.9245460336123131,0.2548937694444445
2025-09-23 09:00:00,2025-09-23,241.5,17.61,30,180,20,0.2415,17.61,9,266,9,False,52.4,1,6.4,0.9245460336123131,0.2548937694444445
2025-09-23 10:00:00,2025-09-23,241.5,17.61,30,180,20,0.2415,17.61,10,266,9,False,52.4,1,6.4,0.9245460336123131,0.2548937694444445
2025-09-23 11:00:00,2025-09-23,241.5,17.61,30,180,20,0.2415,17.61,11,266,9,False,52.4,1,6.4,0.9245460336123131,0.2548937694444445
2025-09-23 12:00:00,2025-09-23,241.5,17.61,30,180,20,0.2415,17.61,12,266,9,False,52.4,1,6.4,0.9245460336123131,0.25505543611111114
2025-09-23 13:00:00,2025-09-23,241.5,17.61,30,180,20,0.2415,17.61,13,266,9,False,52.4,1,6.4,0.9245460336123131,0.2554401027777778
2025-09-23 14:00:00,2025-09-23,241.5,17.61,30,180,20,0.2415,17.61,14,266,9,False,52.4,1,6.4,0.9245460336123131,0.2554401027777778
2025-09-23 15:00:00,2025-09-23,241.5,17.61,30,180,20,0.2415,17.61,15,266,9,False,52.4,1,6.4,0.9245460336123131,0.2554401027777778
2025-09-23 16:00:00,2025-09-23,241.5,17.61,30,180,20,0.2415,17.61,16,266,9,False,52.4,1,6.4,0.9245460336123131,0.2554401027777778
2025-09-23 17:00:00,2025-09-23,241.5,17.61,30,180,20,0.2415,17.61,17,266,9,False,52.4,1,6.4,0.9245460336123131,0.2554401027777778
2025-09-23 18:00:00,2025-09-23,241.5,17.61,30,180,20,0.2415,17.61,18,266,9,False,52.4,1,6.4,0.9245460336123131,0.25666913373015876
2025-09-23 19:00:00,2025-09-23,241.5,17.61,30,180,20,0.2415,17.61,19,266,9,False,52.4,0,6.4,0.9245460336123131,0.2569487115079365
2025-09-23 20:00:00,2025-09-23,241.5,17.61,30,180,20,0.2415,17.61,20,266,9,False,52.4,0,6.4,0.9245460336123131,0.2554164115079365
2025-09-23 21:00:00,2025-09-23,241.5,17.61,30,180,20,0.2415,17.61,21,266,9,False,52.4,0,6.4,0.9245460336123131,0.2554164115079365
2025-09-23 22:00:00,2025-09-23,241.5,17.61,30,180,20,0.2415,17.61,22,266,9,False,52.4,0,6.4,0.9245460336123131,0.2554164115079365
2025-09-23 23:00:00,2025-09-23,241.5,17.61,30,180,20,0.2415,17.61,23,266,9,False,52.4,0,6.4,0.9245460336123131,0.2554164115079365
2025-09-24 00:00:00,2025-09-24,199.42,17.52,30,180,20,0.19942,17.52,0,267,9,False,52.0,0,6.4,0.9271838545667874,0.2137994802308803
2025-09-24 01:00:00,2025-09-24,199.42,17.52,30,180,20,0.19942,17.52,1,267,9,False,52.0,0,6.4,0.9271838545667874,0.2137994802308803
2025-09-24 02:00:00,2025-09-24,199.42,17.52,30,180,20,0.19942,17.52,2,267,9,False,52.0,0,6.4,0.9271838545667874,0.2137994802308803
2025-09-24 03:00:00,2025-09-24,199.42,17.52,30,180,20,0.19942,17.52,3,267,9,False,52.0,0,6.4,0.9271838545667874,0.2137994802308803
2025-09-24 04:00:00,2025-09-24,199.42,17.52,30,180,20,0.19942,17.52,4,267,9,False,52.0,0,6.4,0.9271838545667874,0.2137994802308803
2025-09-24 05:00:00,2025-09-24,199.42,17.52,30,180,20,0.19942,17.52,5,267,9,False,52.0,0,6.4,0.9271838545667874,0.2137994802308803
2025-09-24 06:00:00,2025-09-24,199.42,17.52,30,180,20,0.19942,17.52,6,267,9,False,52.0,1,6.4,0.9271838545667874,0.21371318499278508
2025-09-24 07:00:00,2025-09-24,199.42,17.52,30,180,20,0.19942,17.52,7,267,9,False,52.0,1,6.4,0.9271838545667874,0.21371318499278508
2025-09-24 08:00:00,2025-09-24,199.42,17.52,30,180,20,0.19942,17.52,8,267,9,False,52.0,1,6.4,0.9271838545667874,0.2141801849927851
2025-09-24 09:00:00,2025-09-24,199.42,17.52,30,180,20,0.19942,17.52,9,267,9,False,52.0,1,6.4,0.9271838545667874,0.2141801849927851
2025-09-24 10:00:00,2025-09-24,199.42,17.52,30,180,20,0.19942,17.52,10,267,9,False,52.0,1,6.4,0.9271838545667874,0.2141801849927851
2025-09-24 11:00:00,2025-09-24,199.42,17.52,30,180,20,0.19942,17.52,11,267,9,False,52.0,1,6.4,0.9271838545667874,0.2141801849927851
2025-09-24 12:00:00,2025-09-24,199.42,17.52,30,180,20,0.19942,17.52,12,267,9,False,52.0,1,6.4,0.9271838545667874,0.2141801849927851
2025-09-24 13:00:00,2025-09-24,199.42,17.52,30,180,20,0.19942,17.52,13,267,9,False,52.0,1,6.4,0.9271838545667874,0.21445873499278506
2025-09-24 14:00:00,2025-09-24,199.42,17.52,30,180,20,0.19942,17.52,14,267,9,False,52.0,1,6.4,0.9271838545667874,0.21416198499278508
2025-09-24 15:00:00,2025-09-24,199.42,17.52,30,180,20,0.19942,17.52,15,267,9,False,52.0,1,6.4,0.9271838545667874,0.21416198499278508
2025-09-24 16:00:00,2025-09-24,199.42,17.52,30,180,20,0.19942,17.52,16,267,9,False,52.0,1,6.4,0.9271838545667874,0.21416198499278508
2025-09-24 17:00:00,2025-09-24,199.42,17.52,30,180,20,0.19942,17.52,17,267,9,False,52.0,1,6.4,0.9271838545667874,0.21416198499278508
2025-09-24 18:00:00,2025-09-24,199.42,17.52,30,180,20,0.19942,17.52,18,267,9,False,52.0,1,6.4,0.9271838545667874,0.2143073183261184
2025-09-24 19:00:00,2025-09-24,199.42,17.52,30,180,20,0.19942,17.52,19,267,9,False,52.0,0,6.4,0.9271838545667874,0.21222351038961054
2025-09-24 20:00:00,2025-09-24,199.42,17.52,30,180,20,0.19942,17.52,20,267,9,False,52.0,0,6.4,0.9271838545667874,0.21096346038961047
2025-09-24 21:00:00,2025-09-24,199.42,17.52,30,180,20,0.19942,17.52,21,267,9,False,52.0,0,6.4,0.9271838545667874,0.21096346038961047
2025-09-24 22:00:00,2025-09-24,199.42,17.52,30,180,20,0.19942,17.52,22,267,9,False,52.0,0,6.4,0.9271838545667874,0.21096346038961047
2025-09-24 23:00:00,2025-09-24,199.42,17.52,30,180,20,0.19942,17.52,23,267,9,False,52.0,0,6.4,0.9271838545667874,0.21096346038961047
2025-09-25 00:00:00,2025-09-25,242.5,17.51,30,180,20,0.2425,17.51,0,268,9,False,51.599999999999994,0,6.4,0.9297764858882515,0.25540937103174605
2025-09-25 01:00:00,2025-09-25,242.5,17.51,30,180,20,0.2425,17.51,1,268,9,False,51.599999999999994,0,6.4,0.9297764858882515,0.25540937103174605
2025-09-25 02:00:00,2025-09-25,242.5,17.51,30,180,20,0.2425,17.51,2,268,9,False,51.599999999999994,0,6.4,0.9297764858882515,0.25540937103174605
2025-09-25 03:00:00,2025-09-25,242.5,17.51,30,180,20,0.2425,17.51,3,268,9,False,51.599999999999994,0,6.4,0.9297764858882515,0.25540937103174605
2025-09-25 04:00:00,2025-09-25,242.5,17.51,30,180,20,0.2425,17.51,4,268,9,False,51.599999999999994,0,6.4,0.9297764858882515,0.25540937103174605
2025-09-25 05:00:00,2025-09-25,242.5,17.51,30,180,20,0.2425,17.51,5,268,9,False,51.599999999999994,0,6.4,0.9297764858882515,0.25540937103174605
2025-09-25 06:00:00,2025-09-25,242.5,17.51,30,180,20,0.2425,17.51,6,268,9,False,51.599999999999994,1,6.4,0.9297764858882515,0.2551024543650794
2025-09-25 07:00:00,2025-09-25,242.5,17.51,30,180,20,0.2425,17.51,7,268,9,False,51.599999999999994,1,6.4,0.9297764858882515,0.25447229722222225
2025-09-25 08:00:00,2025-09-25,242.5,17.51,30,180,20,0.2425,17.51,8,268,9,False,51.599999999999994,1,6.4,0.9297764858882515,0.2548937694444445
2025-09-25 09:00:00,2025-09-25,242.5,17.51,30,180,20,0.2425,17.51,9,268,9,False,51.599999999999994,1,6.4,0.9297764858882515,0.2548937694444445
2025-09-25 10:00:00,2025-09-25,242.5,17.51,30,180,20,0.2425,17.51,10,268,9,False,51.599999999999994,1,6.4,0.9297764858882515,0.2548937694444445
2025-09-25 11:00:00,2025-09-25,242.5,17.51,30,180,20,0.2425,17.51,11,268,9,False,51.599999999999994,1,6.4,0.9297764858882515,0.2548937694444445
2025-09-25 12:00:00,2025-09-25,242.5,17.51,30,180,20,0.2425,17.51,12,268,9,False,51.599999999999994,1,6.4,0.9297764858882515,0.25505543611111114
2025-09-25 13:00:00,2025-09-25,242.5,17.51,30,180,20,0.2425,17.51,13,268,9,False,51.599999999999994,1,6.4,0.9297764858882515,0.2554401027777778
2025-09-25 14:00:00,2025-09-25,242.5,17.51,30,180,20,0.2425,17.51,14,268,9,False,51.599999999999994,1,6.4,0.9297764858882515,0.2554401027777778
2025-09-25 15:00:00,2025-09-25,242.5,17.51,30,180,20,0.2425,17.51,15,268,9,False,51.599999999999994,1,6.4,0.9297764858882515,0.2554401027777778
2025-09-25 16:00:00,2025-09-25,242.5,17.51,30,180,20,0.2425,17.51,16,268,9,False,51.599999999999994,1,6.4,0.9297764858882515,0.2554401027777778
2025-09-25 17:00:00,2025-09-25,242.5,17.51,30,180,20,0.2425,17.51,17,268,9,False,51.599999999999994,1,6.4,0.9297764858882515,0.2554401027777778
2025-09-25 18:00:00,2025-09-25,242.5,17.51,30,180,20,0.2425,17.51,18,268,9,False,51.599999999999994,1,6.4,0.9297764858882515,0.25666913373015876
2025-09-25 19:00:00,2025-09-25,242.5,17.51,30,180,20,0.2425,17.51,19,268,9,False,51.599999999999994,0,6.4,0.9297764858882515,0.2569487115079365
2025-09-25 20:00:00,2025-09-25,242.5,17.51,30,180,20,0.2425,17.51,20,268,9,False,51.599999999999994,0,6.4,0.9297764858882515,0.2554164115079365
2025-09-25 21:00:00,2025-09-25,242.5,17.51,30,180,20,0.2425,17.51,21,268,9,False,51.599999999999994,0,6.4,0.9297764858882515,0.2554164115079365
2025-09-25 22:00:00,2025-09-25,242.5,17.51,30,180,20,0.2425,17.51,22,268,9,False,51.599999999999994,0,6.4,0.9297764858882515,0.2554164115079365
2025-09-25 23:00:00,2025-09-25,242.5,17.51,30,180,20,0.2425,17.51,23,268,9,False,51.599999999999994,0,6.4,0.9297764858882515,0.2554164115079365
2025-09-26 00:00:00,2025-09-26,234.04,17.26,30,180,20,0.23404,17.26,0,269,9,False,51.199999999999996,0,6.4,0.9323238012155123,0.24632264087301592
2025-09-26 01:00:00,2025-09-26,234.04,17.26,30,180,20,0.23404,17.26,1,269,9,False,51.199999999999996,0,6.4,0.9323238012155123,0.24632264087301592
2025-09-26 02:00:00,2025-09-26,234.04,17.26,30,180,20,0.23404,17.26,2,269,9,False,51.199999999999996,0,6.4,0.9323238012155123,0.24632264087301592
2025-09-26 03:00:00,2025-09-26,234.04,17.26,30,180,20,0.23404,17.26,3,269,9,False,51.199999999999996,0,6.4,0.9323238012155123,0.24632264087301592
2025-09-26 04:00:00,2025-09-26,234.04,17.26,30,180,20,0.23404,17.26,4,269,9,False,51.199999999999996,0,6.4,0.9323238012155123,0.24632264087301592
2025-09-26 05:00:00,2025-09-26,234.04,17.26,30,180,20,0.23404,17.26,5,269,9,False,51.199999999999996,0,6.4,0.9323238012155123,0.24632264087301592
2025-09-26 06:00:00,2025-09-26,234.04,17.26,30,180,20,0.23404,17.26,6,269,9,False,51.199999999999996,1,6.4,0.9323238012155123,0.24576979087301595
2025-09-26 07:00:00,2025-09-26,234.04,17.26,30,180,20,0.23404,17.26,7,269,9,False,51.199999999999996,1,6.4,0.9323238012155123,0.24461797420634926
2025-09-26 08:00:00,2025-09-26,234.04,17.26,30,180,20,0.23404,17.26,8,269,9,False,51.199999999999996,1,6.4,0.9323238012155123,0.24479619642857148
2025-09-26 09:00:00,2025-09-26,234.04,17.26,30,180,20,0.23404,17.26,9,269,9,False,51.199999999999996,1,6.4,0.9323238012155123,0.24479619642857148
2025-09-26 10:00:00,2025-09-26,234.04,17.26,30,180,20,0.23404,17.26,10,269,9,False,51.199999999999996,1,6.4,0.9323238012155123,0.24479619642857148
2025-09-26 11:00:00,2025-09-26,234.04,17.26,30,180,20,0.23404,17.26,11,269,9,False,51.199999999999996,1,6.4,0.9323238012155123,0.24479619642857148
2025-09-26 12:00:00,2025-09-26,234.04,17.26,30,180,20,0.23404,17.26,12,269,9,False,51.199999999999996,1,6.4,0.9323238012155123,0.24479619642857148
2025-09-26 13:00:00,2025-09-26,234.04,17.26,30,180,20,0.23404,17.26,13,269,9,False,51.199999999999996,1,6.4,0.9323238012155123,0.2450655297619048
2025-09-26 14:00:00,2025-09-26,234.04,17.26,30,180,20,0.23404,17.26,14,269,9,False,51.199999999999996,1,6.4,0.9323238012155123,0.2450655297619048
2025-09-26 15:00:00,2025-09-26,234.04,17.26,30,180,20,0.23404,17.26,15,269,9,False,51.199999999999996,1,6.4,0.9323238012155123,0.2450655297619048
2025-09-26 16:00:00,2025-09-26,234.04,17.26,30,180,20,0.23404,17.26,16,269,9,False,51.199999999999996,1,6.4,0.9323238012155123,0.2450655297619048
2025-09-26 17:00:00,2025-09-26,234.04,17.26,30,180,20,0.23404,17.26,17,269,9,False,51.199999999999996,1,6.4,0.9323238012155123,0.2450655297619048
2025-09-26 18:00:00,2025-09-26,234.04,17.26,30,180,20,0.23404,17.26,18,269,9,False,51.199999999999996,1,6.4,0.9323238012155123,0.2462410607142858
2025-09-26 19:00:00,2025-09-26,234.04,17.26,30,180,20,0.23404,17.26,19,269,9,False,51.199999999999996,0,6.4,0.9323238012155123,0.2460432884920635
2025-09-26 20:00:00,2025-09-26,234.04,17.26,30,180,20,0.23404,17.26,20,269,9,False,51.199999999999996,0,6.4,0.9323238012155123,0.2446169884920635
2025-09-26 21:00:00,2025-09-26,234.04,17.26,30,180,20,0.23404,17.26,21,269,9,False,51.199999999999996,0,6.4,0.9323238012155123,0.2446169884920635
2025-09-26 22:00:00,2025-09-26,234.04,17.26,30,180,20,0.23404,17.26,22,269,9,False,51.199999999999996,0,6.4,0.9323238012155123,0.2446169884920635
2025-09-26 23:00:00,2025-09-26,234.04,17.26,30,180,20,0.23404,17.26,23,269,9,False,51.199999999999996,0,6.4,0.9323238012155123,0.2446169884920635
2025-09-27 00:00:00,2025-09-27,234.67,17.55,30,180,20,0.23467,17.55,0,270,9,True,50.8,0,6.4,0.9348256763960144,0.2460894075396826
2025-09-27 01:00:00,2025-09-27,234.67,17.55,30,180,20,0.23467,17.55,1,270,9,True,50.8,0,6.4,0.9348256763960144,0.2460894075396826
2025-09-27 02:00:00,2025-09-27,234.67,17.55,30,180,20,0.23467,17.55,2,270,9,True,50.8,0,6.4,0.9348256763960144,0.2460894075396826
2025-09-27 03:00:00,2025-09-27,234.67,17.55,30,180,20,0.23467,17.55,3,270,9,True,50.8,0,6.4,0.9348256763960144,0.2460894075396826
2025-09-27 04:00:00,2025-09-27,234.67,17.55,30,180,20,0.23467,17.55,4,270,9,True,50.8,0,6.4,0.9348256763960144,0.2460894075396826
2025-09-27 05:00:00,2025-09-27,234.67,17.55,30,180,20,0.23467,17.55,5,270,9,True,50.8,0,6.4,0.9348256763960144,0.2460894075396826
2025-09-27 06:00:00,2025-09-27,234.67,17.55,30,180,20,0.23467,17.55,6,270,9,True,50.8,1,6.4,0.9348256763960144,0.24553655753968262
2025-09-27 07:00:00,2025-09-27,234.67,17.55,30,180,20,0.23467,17.55,7,270,9,True,50.8,1,6.4,0.9348256763960144,0.24446507420634928
2025-09-27 08:00:00,2025-09-27,234.67,17.55,30,180,20,0.23467,17.55,8,270,9,True,50.8,1,6.4,0.9348256763960144,0.2446432964285715
2025-09-27 09:00:00,2025-09-27,234.67,17.55,30,180,20,0.23467,17.55,9,270,9,True,50.8,1,6.4,0.9348256763960144,0.2446432964285715
2025-09-27 10:00:00,2025-09-27,234.67,17.55,30,180,20,0.23467,17.55,10,270,9,True,50.8,1,6.4,0.9348256763960144,0.2446432964285715
2025-09-27 11:00:00,2025-09-27,234.67,17.55,30,180,20,0.23467,17.55,11,270,9,True,50.8,1,6.4,0.9348256763960144,0.2446432964285715
2025-09-27 12:00:00,2025-09-27,234.67,17.55,30,180,20,0.23467,17.55,12,270,9,True,50.8,1,6.4,0.9348256763960144,0.2446432964285715
2025-09-27 13:00:00,2025-09-27,234.67,17.55,30,180,20,0.23467,17.55,13,270,9,True,50.8,1,6.4,0.9348256763960144,0.2449126297619048
2025-09-27 14:00:00,2025-09-27,234.67,17.55,30,180,20,0.23467,17.55,14,270,9,True,50.8,1,6.4,0.9348256763960144,0.2449126297619048
2025-09-27 15:00:00,2025-09-27,234.67,17.55,30,180,20,0.23467,17.55,15,270,9,True,50.8,1,6.4,0.9348256763960144,0.2449126297619048
2025-09-27 16:00:00,2025-09-27,234.67,17.55,30,180,20,0.23467,17.55,16,270,9,True,50.8,1,6.4,0.9348256763960144,0.2449126297619048
2025-09-27 17:00:00,2025-09-27,234.67,17.55,30,180,20,0.23467,17.55,17,270,9,True,50.8,1,6.4,0.9348256763960144,0.2449126297619048
2025-09-27 18:00:00,2025-09-27,234.67,17.55,30,180,20,0.23467,17.55,18,270,9,True,50.8,1,6.4,0.9348256763960144,0.24608816071428583
2025-09-27 19:00:00,2025-09-27,234.67,17.55,30,180,20,0.23467,17.55,19,270,9,True,50.8,0,6.4,0.9348256763960144,0.2459924884920635
2025-09-27 20:00:00,2025-09-27,234.67,17.55,30,180,20,0.23467,17.55,20,270,9,True,50.8,0,6.4,0.9348256763960144,0.2445661884920635
2025-09-27 21:00:00,2025-09-27,234.67,17.55,30,180,20,0.23467,17.55,21,270,9,True,50.8,0,6.4,0.9348256763960144,0.2445661884920635
2025-09-27 22:00:00,2025-09-27,234.67,17.55,30,180,20,0.23467,17.55,22,270,9,True,50.8,0,6.4,0.9348256763960144,0.2445661884920635
2025-09-27 23:00:00,2025-09-27,234.67,17.55,30,180,20,0.23467,17.55,23,270,9,True,50.8,0,6.4,0.9348256763960144,0.2445661884920635
2025-09-28 00:00:00,2025-09-28,230.67,17.41,30,180,20,0.23067,17.41,0,271,9,True,50.4,0,6.4,0.9372819894918916,0.23838156515151518
2025-09-28 01:00:00,2025-09-28,230.67,17.41,30,180,20,0.23067,17.41,1,271,9,True,50.4,0,6.4,0.9372819894918916,0.23838156515151518
2025-09-28 02:00:00,2025-09-28,230.67,17.41,30,180,20,0.23067,17.41,2,271,9,True,50.4,0,6.4,0.9372819894918916,0.23838156515151518
2025-09-28 03:00:00,2025-09-28,230.67,17.41,30,180,20,0.23067,17.41,3,271,9,True,50.4,0,6.4,0.9372819894918916,0.23838156515151518
2025-09-28 04:00:00,2025-09-28,230.67,17.41,30,180,20,0.23067,17.41,4,271,9,True,50.4,0,6.4,0.9372819894918916,0.23838156515151518
2025-09-28 05:00:00,2025-09-28,230.67,17.41,30,180,20,0.23067,17.41,5,271,9,True,50.4,0,6.4,0.9372819894918916,0.23838156515151518
2025-09-28 06:00:00,2025-09-28,230.67,17.41,30,180,20,0.23067,17.41,6,271,9,True,50.4,1,6.4,0.9372819894918916,0.2383886865800866
2025-09-28 07:00:00,2025-09-28,230.67,17.41,30,180,20,0.23067,17.41,7,271,9,True,50.4,1,6.4,0.9372819894918916,0.23765741991341996
2025-09-28 08:00:00,2025-09-28,230.67,17.41,30,180,20,0.23067,17.41,8,271,9,True,50.4,1,6.4,0.9372819894918916,0.23812441991341998
2025-09-28 09:00:00,2025-09-28,230.67,17.41,30,180,20,0.23067,17.41,9,271,9,True,50.4,1,6.4,0.9372819894918916,0.23812441991341998
2025-09-28 10:00:00,2025-09-28,230.67,17.41,30,180,20,0.23067,17.41,10,271,9,True,50.4,1,6.4,0.9372819894918916,0.23812441991341998
2025-09-28 11:00:00,2025-09-28,230.67,17.41,30,180,20,0.23067,17.41,11,271,9,True,50.4,1,6.4,0.9372819894918916,0.23812441991341998
2025-09-28 12:00:00,2025-09-28,230.67,17.41,30,180,20,0.23067,17.41,12,271,9,True,50.4,1,6.4,0.9372819894918916,0.23812441991341998
2025-09-28 13:00:00,2025-09-28,230.67,17.41,30,180,20,0.23067,17.41,13,271,9,True,50.4,1,6.4,0.9372819894918916,0.23869200324675327
2025-09-28 14:00:00,2025-09-28,230.67,17.41,30,180,20,0.23067,17.41,14,271,9,True,50.4,1,6.4,0.9372819894918916,0.23869200324675327
2025-09-28 15:00:00,2025-09-28,230.67,17.41,30,180,20,0.23067,17.41,15,271,9,True,50.4,1,6.4,0.9372819894918916,0.23869200324675327
2025-09-28 16:00:00,2025-09-28,230.67,17.41,30,180,20,0.23067,17.41,16,271,9,True,50.4,1,6.4,0.9372819894918916,0.23869200324675327
2025-09-28 17:00:00,2025-09-28,230.67,17.41,30,180,20,0.23067,17.41,17,271,9,True,50.4,1,6.4,0.9372819894918916,0.23869200324675327
2025-09-28 18:00:00,2025-09-28,230.67,17.41,30,180,20,0.23067,17.41,18,271,9,True,50.4,1,6.4,0.9372819894918916,0.23930449848484855
2025-09-28 19:00:00,2025-09-28,230.67,17.41,30,180,20,0.23067,17.41,19,271,9,True,50.4,0,6.4,0.9372819894918916,0.23812577626262627
2025-09-28 20:00:00,2025-09-28,230.67,17.41,30,180,20,0.23067,17.41,20,271,9,True,50.4,0,6.4,0.9372819894918916,0.23669947626262627
2025-09-28 21:00:00,2025-09-28,230.67,17.41,30,180,20,0.23067,17.41,21,271,9,True,50.4,0,6.4,0.9372819894918916,0.23669947626262627
2025-09-28 22:00:00,2025-09-28,230.67,17.41,30,180,20,0.23067,17.41,22,271,9,True,50.4,0,6.4,0.9372819894918916,0.23669947626262627
2025-09-28 23:00:00,2025-09-28,230.67,17.41,30,180,20,0.23067,17.41,23,271,9,True,50.4,0,6.4,0.9372819894918916,0.23669947626262627
2025-09-29 00:00:00,2025-09-29,48.29,8.07,30,180,20,0.04829,8.07,0,272,9,False,50.0,0,6.4,0.9396926207859084,0.05988883160173158
